IP,Request,Status,Timestamp,Email
199.155.209.112,GET /home,200,2025-09-18 10:04:38,daniel.kim@example.com
219.219.219.227,GET /home,200,2025-09-18 10:31:30,john.doe@example.com
223.140.243.126,POST /delete,403,2025-09-18 10:25:33,daniel.kim@example.com
201.210.248.141,GET /dashboard,200,2025-09-18 10:30:24,lisa.patel@example.com
218.206.225.58,POST /login,200,2025-09-18 10:59:49,john.doe@example.com
200.168.46.154,POST /login,200,2025-09-18 10:17:49,bob.jones@example.com
213.33.180.140,POST /login,200,2025-09-18 10:50:55,michael.brown@example.com
205.132.104.179,GET /reports,200,2025-09-18 10:37:43,nina.khan@example.com
192.134.55.247,GET /reports,200,2025-09-18 10:40:10,lisa.patel@example.com
202.50.57.94,GET /reports,200,2025-09-18 10:18:54,bob.jones@example.com
201.246.200.188,GET /index.html,200,2025-09-18 10:10:42,bob.jones@example.com
211.250.110.157,POST /login,200,2025-09-18 10:03:04,jane.smith@example.com
192.240.210.215,GET /settings,200,2025-09-18 10:53:39,bob.jones@example.com
209.232.103.239,GET /reports,403,2025-09-18 10:43:52,jane.smith@example.com
197.221.190.89,POST /upload,200,2025-09-18 10:04:00,nina.khan@example.com
210.134.160.201,POST /upload,200,2025-09-18 10:30:21,lisa.patel@example.com
217.185.92.81,GET /home,200,2025-09-18 10:14:17,john.doe@example.com
199.132.90.222,POST /login,403,2025-09-18 10:47:27,susan.lee@example.com
215.63.12.148,GET /index.html,401,2025-09-18 10:19:37,john.doe@example.com
193.59.216.87,POST /update,404,2025-09-18 10:56:43,daniel.kim@example.com
223.155.95.76,POST /login,403,2025-09-18 10:07:41,daniel.kim@example.com
222.53.224.185,GET /settings,200,2025-09-18 10:00:59,lisa.patel@example.com
192.157.55.184,GET /profile,200,2025-09-18 10:29:57,nina.khan@example.com
217.110.115.177,POST /update,200,2025-09-18 10:39:06,ravi.shah@example.com
207.12.196.144,POST /delete,404,2025-09-18 10:06:37,lisa.patel@example.com
204.114.116.181,GET /profile,401,2025-09-18 10:45:54,nina.khan@example.com
201.145.56.107,GET /settings,200,2025-09-18 10:40:58,alice.wong@example.com
197.25.205.82,GET /reports,200,2025-09-18 10:36:32,daniel.kim@example.com
222.134.138.180,GET /dashboard,401,2025-09-18 10:44:59,jane.smith@example.com
215.61.155.193,GET /dashboard,200,2025-09-18 10:25:39,ravi.shah@example.com
207.196.169.237,POST /update,200,2025-09-18 10:35:02,lisa.patel@example.com
217.68.201.35,GET /profile,200,2025-09-18 10:54:37,john.doe@example.com
198.216.221.209,POST /login,200,2025-09-18 10:59:20,john.doe@example.com
193.160.203.198,POST /login,200,2025-09-18 10:18:50,nina.khan@example.com
209.36.197.75,GET /reports,401,2025-09-18 10:15:48,michael.brown@example.com
194.190.222.38,GET /profile,200,2025-09-18 10:07:10,susan.lee@example.com
203.182.103.53,POST /upload,200,2025-09-18 10:53:15,michael.brown@example.com
201.91.160.59,GET /profile,200,2025-09-18 10:19:21,nina.khan@example.com
201.21.99.10,POST /upload,401,2025-09-18 10:52:52,alice.wong@example.com
202.145.38.242,GET /settings,404,2025-09-18 10:04:28,alice.wong@example.com
196.193.137.70,GET /index.html,403,2025-09-18 10:16:46,daniel.kim@example.com
206.122.45.51,GET /index.html,200,2025-09-18 10:29:32,lisa.patel@example.com
210.147.162.31,POST /update,200,2025-09-18 10:01:58,susan.lee@example.com
207.194.80.214,POST /update,200,2025-09-18 10:12:12,alice.wong@example.com
195.228.225.249,GET /index.html,200,2025-09-18 10:28:40,jane.smith@example.com
210.230.243.36,POST /login,200,2025-09-18 10:51:18,ravi.shah@example.com
221.110.55.120,GET /settings,200,2025-09-18 10:45:27,ravi.shah@example.com
199.5.94.51,POST /delete,404,2025-09-18 10:08:38,nina.khan@example.com
222.15.226.108,GET /settings,200,2025-09-18 10:05:45,john.doe@example.com
217.128.123.1,POST /login,200,2025-09-18 10:29:57,jane.smith@example.com
218.251.246.217,POST /upload,404,2025-09-18 10:40:24,bob.jones@example.com
199.58.66.213,GET /home,200,2025-09-18 10:10:59,susan.lee@example.com
219.139.175.150,POST /upload,200,2025-09-18 10:51:44,jane.smith@example.com
197.246.235.186,GET /dashboard,200,2025-09-18 10:18:13,nina.khan@example.com
204.167.13.179,GET /profile,404,2025-09-18 10:33:37,lisa.patel@example.com
215.57.201.26,GET /settings,200,2025-09-18 10:31:20,ravi.shah@example.com
213.108.109.8,GET /dashboard,200,2025-09-18 10:28:26,daniel.kim@example.com
223.142.166.81,GET /profile,200,2025-09-18 10:57:57,ravi.shah@example.com
197.203.81.34,GET /reports,404,2025-09-18 10:19:17,jane.smith@example.com
203.130.142.67,GET /index.html,401,2025-09-18 10:09:19,michael.brown@example.com
202.148.79.43,POST /upload,200,2025-09-18 10:08:29,ravi.shah@example.com
204.160.28.181,GET /dashboard,200,2025-09-18 10:05:47,john.doe@example.com
207.124.202.192,GET /home,200,2025-09-18 10:48:35,daniel.kim@example.com
223.128.99.174,GET /index.html,200,2025-09-18 10:14:26,michael.brown@example.com
196.32.88.108,POST /update,200,2025-09-18 10:28:38,jane.smith@example.com
220.242.191.245,POST /login,200,2025-09-18 10:30:39,susan.lee@example.com
210.216.138.70,GET /settings,401,2025-09-18 10:10:24,alice.wong@example.com
220.206.55.95,POST /upload,200,2025-09-18 10:20:01,susan.lee@example.com
208.99.143.232,GET /index.html,200,2025-09-18 10:26:55,ravi.shah@example.com
196.80.18.83,POST /upload,404,2025-09-18 10:38:50,susan.lee@example.com
223.64.216.240,GET /reports,200,2025-09-18 10:30:24,bob.jones@example.com
223.120.196.219,GET /home,200,2025-09-18 10:14:16,jane.smith@example.com
218.229.250.96,POST /update,200,2025-09-18 10:04:56,michael.brown@example.com
205.150.246.189,POST /update,404,2025-09-18 10:22:37,michael.brown@example.com
199.135.18.80,GET /reports,401,2025-09-18 10:15:19,lisa.patel@example.com
207.210.3.117,GET /home,404,2025-09-18 10:39:15,michael.brown@example.com
197.58.169.113,POST /delete,200,2025-09-18 10:12:02,ravi.shah@example.com
222.161.16.216,POST /login,200,2025-09-18 10:59:18,susan.lee@example.com
208.236.186.17,POST /upload,200,2025-09-18 10:26:39,jane.smith@example.com
223.118.248.115,POST /upload,200,2025-09-18 10:11:39,nina.khan@example.com
222.100.232.206,POST /update,500,2025-09-18 10:24:12,susan.lee@example.com
223.105.213.224,GET /profile,200,2025-09-18 10:17:25,susan.lee@example.com
214.7.87.135,GET /home,200,2025-09-18 10:55:38,nina.khan@example.com
200.245.125.182,GET /index.html,200,2025-09-18 10:08:42,bob.jones@example.com
218.72.175.100,GET /profile,401,2025-09-18 10:16:16,lisa.patel@example.com
215.128.86.252,GET /dashboard,200,2025-09-18 10:00:26,ravi.shah@example.com
207.119.56.242,POST /delete,200,2025-09-18 10:00:27,michael.brown@example.com
216.122.90.219,POST /upload,200,2025-09-18 10:49:11,michael.brown@example.com
217.172.247.41,GET /home,200,2025-09-18 10:50:11,alice.wong@example.com
206.178.42.228,GET /dashboard,200,2025-09-18 10:01:09,susan.lee@example.com
199.10.16.152,POST /upload,200,2025-09-18 10:00:22,ravi.shah@example.com
210.243.186.122,GET /index.html,200,2025-09-18 10:55:15,michael.brown@example.com
223.160.140.252,GET /index.html,200,2025-09-18 10:14:03,lisa.patel@example.com
205.215.219.95,POST /update,200,2025-09-18 10:35:14,alice.wong@example.com
222.63.68.66,POST /login,200,2025-09-18 10:17:27,jane.smith@example.com
203.240.2.158,POST /upload,404,2025-09-18 10:02:43,ravi.shah@example.com
200.172.6.39,POST /upload,500,2025-09-18 10:52:22,ravi.shah@example.com
200.168.251.152,GET /profile,404,2025-09-18 10:12:14,daniel.kim@example.com
220.158.38.114,GET /home,200,2025-09-18 10:41:14,ravi.shah@example.com
219.2.32.219,POST /delete,200,2025-09-18 10:55:38,bob.jones@example.com
203.240.112.113,GET /dashboard,200,2025-09-18 10:05:33,alice.wong@example.com
196.116.32.166,POST /login,200,2025-09-18 10:28:01,michael.brown@example.com
202.112.237.181,GET /dashboard,403,2025-09-18 10:28:58,nina.khan@example.com
206.26.108.151,GET /settings,200,2025-09-18 10:52:45,susan.lee@example.com
216.84.223.74,POST /delete,200,2025-09-18 10:50:46,alice.wong@example.com
200.210.165.93,GET /dashboard,500,2025-09-18 10:10:17,lisa.patel@example.com
201.101.203.230,POST /login,200,2025-09-18 10:38:48,ravi.shah@example.com
208.233.46.85,GET /home,401,2025-09-18 10:12:14,daniel.kim@example.com
201.183.51.202,POST /update,401,2025-09-18 10:39:34,bob.jones@example.com
198.43.228.41,POST /upload,200,2025-09-18 10:39:18,nina.khan@example.com
209.155.220.182,GET /settings,404,2025-09-18 10:38:28,alice.wong@example.com
220.48.196.83,GET /profile,404,2025-09-18 10:57:24,bob.jones@example.com
215.29.253.146,GET /home,401,2025-09-18 10:29:06,jane.smith@example.com
201.106.142.29,GET /profile,200,2025-09-18 10:49:23,daniel.kim@example.com
221.4.123.215,POST /update,200,2025-09-18 10:42:58,nina.khan@example.com
217.6.192.41,POST /update,200,2025-09-18 10:58:52,michael.brown@example.com
219.11.6.56,POST /login,200,2025-09-18 10:13:29,jane.smith@example.com
223.158.147.156,POST /delete,404,2025-09-18 10:17:53,susan.lee@example.com
213.8.255.199,GET /dashboard,200,2025-09-18 10:07:00,bob.jones@example.com
206.242.24.90,GET /settings,200,2025-09-18 10:16:10,jane.smith@example.com
196.174.189.254,POST /delete,200,2025-09-18 10:18:18,nina.khan@example.com
210.254.230.43,GET /home,200,2025-09-18 10:27:05,ravi.shah@example.com
219.246.160.100,GET /profile,200,2025-09-18 10:46:23,bob.jones@example.com
209.94.191.10,GET /settings,200,2025-09-18 10:32:56,daniel.kim@example.com
197.74.26.138,POST /upload,200,2025-09-18 10:35:41,nina.khan@example.com
215.31.207.2,GET /dashboard,200,2025-09-18 10:21:43,bob.jones@example.com
199.111.39.153,GET /settings,200,2025-09-18 10:30:24,jane.smith@example.com
204.63.12.106,GET /index.html,401,2025-09-18 10:23:12,john.doe@example.com
207.86.19.78,POST /update,200,2025-09-18 10:39:50,bob.jones@example.com
220.40.216.238,GET /index.html,401,2025-09-18 10:58:28,jane.smith@example.com
223.16.18.162,POST /delete,200,2025-09-18 10:46:58,ravi.shah@example.com
214.12.126.32,GET /settings,401,2025-09-18 10:33:39,jane.smith@example.com
210.253.129.106,POST /update,200,2025-09-18 10:54:02,nina.khan@example.com
220.166.73.7,GET /dashboard,200,2025-09-18 10:58:26,bob.jones@example.com
197.158.132.220,GET /home,200,2025-09-18 10:49:55,john.doe@example.com
195.158.48.191,POST /upload,404,2025-09-18 10:03:43,nina.khan@example.com
197.123.227.193,POST /upload,200,2025-09-18 10:34:03,lisa.patel@example.com
197.77.143.84,GET /index.html,500,2025-09-18 10:51:31,nina.khan@example.com
195.8.84.42,GET /settings,200,2025-09-18 10:16:42,alice.wong@example.com
221.111.237.203,GET /profile,200,2025-09-18 10:30:00,john.doe@example.com
216.3.60.147,POST /upload,200,2025-09-18 10:59:28,michael.brown@example.com
201.30.100.36,GET /dashboard,200,2025-09-18 10:45:07,lisa.patel@example.com
193.236.151.21,GET /dashboard,200,2025-09-18 10:08:46,ravi.shah@example.com
204.251.80.74,GET /index.html,200,2025-09-18 10:31:23,susan.lee@example.com
206.76.60.151,GET /home,200,2025-09-18 10:54:35,lisa.patel@example.com
193.204.4.94,GET /profile,500,2025-09-18 10:39:54,susan.lee@example.com
212.163.238.62,GET /profile,200,2025-09-18 10:47:50,jane.smith@example.com
223.74.226.164,GET /dashboard,404,2025-09-18 10:47:42,nina.khan@example.com
217.247.35.209,GET /settings,200,2025-09-18 10:35:12,jane.smith@example.com
220.94.79.37,POST /update,200,2025-09-18 10:08:01,jane.smith@example.com
223.31.192.71,GET /index.html,200,2025-09-18 10:15:37,daniel.kim@example.com
209.94.219.66,GET /index.html,200,2025-09-18 10:33:19,lisa.patel@example.com
222.210.32.124,POST /update,200,2025-09-18 10:28:22,bob.jones@example.com
195.144.46.15,GET /index.html,200,2025-09-18 10:49:59,michael.brown@example.com
197.112.198.241,POST /update,200,2025-09-18 10:51:18,john.doe@example.com
212.11.93.243,GET /profile,200,2025-09-18 10:10:50,lisa.patel@example.com
213.247.214.233,POST /delete,200,2025-09-18 10:05:43,jane.smith@example.com
223.92.210.176,POST /upload,404,2025-09-18 10:12:41,nina.khan@example.com
203.96.199.116,GET /dashboard,200,2025-09-18 10:47:40,bob.jones@example.com
211.254.161.228,GET /settings,401,2025-09-18 10:22:16,bob.jones@example.com
203.243.219.36,GET /reports,200,2025-09-18 10:15:04,john.doe@example.com
201.243.90.9,GET /profile,200,2025-09-18 10:15:25,john.doe@example.com
194.213.186.5,POST /upload,200,2025-09-18 10:36:09,bob.jones@example.com
199.41.193.242,GET /settings,200,2025-09-18 10:43:14,john.doe@example.com
223.78.50.71,POST /upload,200,2025-09-18 10:51:46,ravi.shah@example.com
219.85.221.49,GET /index.html,200,2025-09-18 10:05:45,michael.brown@example.com
204.243.15.146,GET /home,403,2025-09-18 10:46:14,nina.khan@example.com
192.123.179.246,GET /settings,200,2025-09-18 10:15:17,jane.smith@example.com
213.221.65.144,POST /delete,200,2025-09-18 10:39:46,nina.khan@example.com
193.239.62.254,GET /reports,200,2025-09-18 10:58:14,daniel.kim@example.com
215.19.217.24,GET /dashboard,404,2025-09-18 10:11:07,nina.khan@example.com
218.124.244.112,GET /profile,200,2025-09-18 10:30:24,susan.lee@example.com
205.14.165.50,GET /profile,200,2025-09-18 10:46:08,susan.lee@example.com
195.226.193.173,POST /update,401,2025-09-18 10:09:16,john.doe@example.com
194.101.53.244,GET /home,200,2025-09-18 10:17:29,alice.wong@example.com
210.140.30.35,GET /profile,200,2025-09-18 10:52:54,daniel.kim@example.com
221.94.102.184,GET /settings,200,2025-09-18 10:08:12,lisa.patel@example.com
208.87.81.122,POST /login,404,2025-09-18 10:28:07,susan.lee@example.com
223.157.88.130,GET /settings,200,2025-09-18 10:36:54,michael.brown@example.com
192.206.138.30,POST /delete,500,2025-09-18 10:36:28,alice.wong@example.com
204.125.215.42,GET /settings,200,2025-09-18 10:20:47,nina.khan@example.com
212.31.170.232,GET /reports,200,2025-09-18 10:28:04,nina.khan@example.com
205.28.189.18,GET /dashboard,200,2025-09-18 10:34:56,susan.lee@example.com
220.43.2.202,GET /profile,200,2025-09-18 10:02:42,nina.khan@example.com
207.53.89.123,GET /dashboard,200,2025-09-18 10:22:46,ravi.shah@example.com
203.109.248.214,POST /update,200,2025-09-18 10:32:57,ravi.shah@example.com
195.228.253.83,POST /login,401,2025-09-18 10:40:51,nina.khan@example.com
196.210.227.131,GET /dashboard,500,2025-09-18 10:34:22,ravi.shah@example.com
210.75.187.50,POST /update,404,2025-09-18 10:07:44,nina.khan@example.com
198.215.161.112,POST /login,200,2025-09-18 10:50:15,susan.lee@example.com
202.196.115.112,POST /delete,404,2025-09-18 10:36:51,susan.lee@example.com
211.193.24.109,GET /home,200,2025-09-18 10:23:37,john.doe@example.com
214.144.150.171,POST /update,401,2025-09-18 10:20:20,daniel.kim@example.com
218.222.156.48,GET /index.html,200,2025-09-18 10:44:12,susan.lee@example.com
196.170.60.227,POST /upload,403,2025-09-18 10:57:39,nina.khan@example.com
219.112.19.26,POST /update,200,2025-09-18 10:08:07,nina.khan@example.com
197.0.9.173,GET /reports,200,2025-09-18 10:48:40,john.doe@example.com
219.162.225.146,POST /upload,200,2025-09-18 10:32:00,ravi.shah@example.com
197.131.98.10,GET /home,200,2025-09-18 10:01:13,jane.smith@example.com
216.209.106.35,POST /login,200,2025-09-18 10:24:17,bob.jones@example.com
208.46.123.145,GET /home,404,2025-09-18 10:47:06,alice.wong@example.com
218.197.131.19,GET /settings,200,2025-09-18 10:16:05,jane.smith@example.com
195.55.27.250,POST /login,403,2025-09-18 10:54:51,lisa.patel@example.com
221.115.111.40,GET /reports,200,2025-09-18 10:18:46,lisa.patel@example.com
220.107.130.84,GET /profile,200,2025-09-18 10:08:58,michael.brown@example.com
220.231.108.225,GET /reports,200,2025-09-18 10:47:00,susan.lee@example.com
218.238.125.52,GET /profile,200,2025-09-18 10:34:56,john.doe@example.com
199.37.26.141,POST /upload,200,2025-09-18 10:30:12,michael.brown@example.com
203.66.16.229,POST /update,200,2025-09-18 10:48:35,susan.lee@example.com
194.156.94.243,GET /profile,200,2025-09-18 10:36:02,susan.lee@example.com
207.140.100.218,POST /update,401,2025-09-18 10:19:21,michael.brown@example.com
218.74.180.203,POST /login,200,2025-09-18 10:51:53,bob.jones@example.com
198.35.133.150,GET /dashboard,404,2025-09-18 10:58:12,alice.wong@example.com
203.137.124.203,POST /delete,401,2025-09-18 10:58:43,susan.lee@example.com
221.70.46.139,POST /delete,200,2025-09-18 10:11:32,ravi.shah@example.com
192.218.253.253,GET /settings,200,2025-09-18 10:18:43,lisa.patel@example.com
215.8.220.108,GET /settings,404,2025-09-18 10:55:04,daniel.kim@example.com
223.59.189.108,GET /reports,404,2025-09-18 10:26:52,john.doe@example.com
204.17.103.150,GET /home,200,2025-09-18 10:28:53,lisa.patel@example.com
193.204.184.154,GET /settings,200,2025-09-18 10:29:40,jane.smith@example.com
209.48.1.142,GET /index.html,200,2025-09-18 10:07:13,nina.khan@example.com
216.27.123.69,POST /update,200,2025-09-18 10:36:03,nina.khan@example.com
202.73.131.156,GET /home,403,2025-09-18 10:52:48,nina.khan@example.com
220.52.50.224,GET /index.html,200,2025-09-18 10:35:30,susan.lee@example.com
216.141.230.198,GET /index.html,200,2025-09-18 10:54:40,ravi.shah@example.com
204.77.148.236,GET /dashboard,200,2025-09-18 10:31:42,bob.jones@example.com
213.73.126.221,GET /dashboard,200,2025-09-18 10:29:14,michael.brown@example.com
206.46.91.213,GET /profile,200,2025-09-18 10:44:35,jane.smith@example.com
209.219.251.176,GET /dashboard,200,2025-09-18 10:11:20,bob.jones@example.com
221.150.152.134,GET /reports,200,2025-09-18 10:13:01,susan.lee@example.com
192.154.224.93,POST /delete,200,2025-09-18 10:53:58,daniel.kim@example.com
196.129.107.104,GET /dashboard,200,2025-09-18 10:57:23,ravi.shah@example.com
213.89.214.106,GET /reports,200,2025-09-18 10:51:38,nina.khan@example.com
220.80.120.236,GET /home,200,2025-09-18 10:47:52,daniel.kim@example.com
223.10.166.130,GET /settings,200,2025-09-18 10:17:24,susan.lee@example.com
196.227.17.117,GET /dashboard,200,2025-09-18 10:25:43,michael.brown@example.com
214.255.52.128,GET /profile,200,2025-09-18 10:47:43,john.doe@example.com
218.94.98.27,GET /index.html,404,2025-09-18 10:46:54,lisa.patel@example.com
214.71.34.34,GET /index.html,200,2025-09-18 10:50:52,michael.brown@example.com
223.136.244.164,GET /profile,200,2025-09-18 10:29:43,alice.wong@example.com
216.196.240.227,POST /delete,200,2025-09-18 10:27:32,alice.wong@example.com
196.18.13.251,POST /delete,200,2025-09-18 10:40:51,lisa.patel@example.com
212.30.77.96,GET /reports,200,2025-09-18 10:01:29,susan.lee@example.com
221.98.185.123,GET /profile,403,2025-09-18 10:41:17,daniel.kim@example.com
210.128.251.251,GET /index.html,404,2025-09-18 10:58:49,ravi.shah@example.com
203.163.111.99,GET /index.html,401,2025-09-18 10:53:05,john.doe@example.com
217.158.199.240,GET /index.html,200,2025-09-18 10:02:29,jane.smith@example.com
193.209.177.19,GET /dashboard,200,2025-09-18 10:53:02,jane.smith@example.com
195.39.7.71,GET /dashboard,200,2025-09-18 10:53:22,ravi.shah@example.com
215.147.235.127,GET /settings,404,2025-09-18 10:42:16,nina.khan@example.com
214.189.68.161,GET /settings,200,2025-09-18 10:39:09,michael.brown@example.com
201.123.86.11,POST /update,403,2025-09-18 10:22:06,daniel.kim@example.com
194.113.60.127,POST /update,500,2025-09-18 10:51:04,ravi.shah@example.com
201.9.50.35,POST /upload,200,2025-09-18 10:18:08,nina.khan@example.com
212.9.12.34,POST /delete,401,2025-09-18 10:13:36,bob.jones@example.com
205.143.226.118,GET /profile,404,2025-09-18 10:06:07,alice.wong@example.com
210.136.218.45,GET /profile,200,2025-09-18 10:51:35,michael.brown@example.com
208.147.29.254,GET /home,404,2025-09-18 10:40:09,daniel.kim@example.com
218.95.128.33,POST /upload,401,2025-09-18 10:32:01,susan.lee@example.com
201.119.74.89,GET /home,200,2025-09-18 10:51:12,lisa.patel@example.com
219.228.233.16,GET /dashboard,200,2025-09-18 10:44:29,bob.jones@example.com
214.13.142.137,GET /reports,200,2025-09-18 10:01:16,daniel.kim@example.com
202.186.196.196,GET /settings,404,2025-09-18 10:46:29,alice.wong@example.com
212.141.56.120,GET /dashboard,200,2025-09-18 10:04:51,michael.brown@example.com
215.47.210.185,POST /delete,200,2025-09-18 10:32:51,susan.lee@example.com
218.149.254.180,POST /delete,200,2025-09-18 10:52:46,bob.jones@example.com
218.13.166.64,POST /login,200,2025-09-18 10:09:16,michael.brown@example.com
213.137.28.222,GET /settings,403,2025-09-18 10:09:53,john.doe@example.com
205.230.203.145,GET /home,200,2025-09-18 10:58:11,jane.smith@example.com
203.120.8.75,POST /login,200,2025-09-18 10:26:38,ravi.shah@example.com
202.165.47.13,GET /home,200,2025-09-18 10:54:10,susan.lee@example.com
205.65.176.69,POST /login,200,2025-09-18 10:49:59,susan.lee@example.com
221.88.116.34,GET /index.html,200,2025-09-18 10:58:43,ravi.shah@example.com
221.72.92.62,POST /upload,200,2025-09-18 10:05:48,susan.lee@example.com
192.62.89.95,GET /settings,403,2025-09-18 10:41:27,michael.brown@example.com
221.235.66.32,GET /index.html,200,2025-09-18 10:23:59,bob.jones@example.com
223.238.204.201,POST /update,200,2025-09-18 10:20:51,bob.jones@example.com
210.74.173.68,GET /reports,200,2025-09-18 10:33:29,lisa.patel@example.com
201.81.178.176,GET /home,500,2025-09-18 10:22:39,michael.brown@example.com
199.182.173.73,GET /reports,500,2025-09-18 10:14:13,michael.brown@example.com
201.175.49.146,GET /profile,200,2025-09-18 10:49:38,nina.khan@example.com
208.53.237.218,POST /login,200,2025-09-18 10:16:44,ravi.shah@example.com
196.28.77.178,GET /dashboard,200,2025-09-18 10:12:16,ravi.shah@example.com
212.34.65.211,GET /index.html,404,2025-09-18 10:42:05,john.doe@example.com
194.173.79.40,POST /delete,200,2025-09-18 10:18:31,john.doe@example.com
214.107.198.185,GET /profile,200,2025-09-18 10:03:46,ravi.shah@example.com
222.80.80.185,POST /upload,403,2025-09-18 10:02:57,alice.wong@example.com
218.163.177.226,GET /home,200,2025-09-18 10:22:32,daniel.kim@example.com
219.152.216.37,POST /update,200,2025-09-18 10:27:36,nina.khan@example.com
202.130.0.239,GET /dashboard,200,2025-09-18 10:29:35,john.doe@example.com
207.26.47.214,GET /profile,200,2025-09-18 10:43:51,daniel.kim@example.com
220.235.159.208,GET /dashboard,200,2025-09-18 10:01:24,john.doe@example.com
210.234.216.80,GET /home,200,2025-09-18 10:05:21,lisa.patel@example.com
208.137.215.175,GET /profile,200,2025-09-18 10:26:57,nina.khan@example.com
217.133.105.76,GET /reports,500,2025-09-18 10:55:15,lisa.patel@example.com
201.67.183.176,GET /home,401,2025-09-18 10:07:44,lisa.patel@example.com
223.209.102.203,GET /index.html,200,2025-09-18 10:28:30,nina.khan@example.com
200.84.105.35,POST /login,200,2025-09-18 10:33:09,ravi.shah@example.com
215.208.68.107,GET /reports,200,2025-09-18 10:50:54,michael.brown@example.com
201.213.57.64,GET /home,404,2025-09-18 10:14:03,jane.smith@example.com
210.198.122.56,POST /delete,200,2025-09-18 10:56:56,nina.khan@example.com
205.141.135.83,POST /update,200,2025-09-18 10:28:10,ravi.shah@example.com
200.146.17.145,GET /dashboard,200,2025-09-18 10:57:03,nina.khan@example.com
200.9.243.201,GET /profile,500,2025-09-18 10:09:19,nina.khan@example.com
206.124.125.252,GET /home,404,2025-09-18 10:18:05,bob.jones@example.com
206.217.175.168,POST /login,200,2025-09-18 10:41:54,jane.smith@example.com
194.174.218.96,GET /settings,200,2025-09-18 10:48:05,lisa.patel@example.com
213.122.131.26,GET /home,404,2025-09-18 10:48:40,alice.wong@example.com
205.250.246.248,GET /reports,200,2025-09-18 10:52:09,daniel.kim@example.com
212.65.114.248,GET /dashboard,200,2025-09-18 10:32:46,michael.brown@example.com
218.250.152.237,GET /profile,200,2025-09-18 10:33:18,jane.smith@example.com
212.227.135.43,POST /delete,200,2025-09-18 10:03:35,ravi.shah@example.com
219.220.215.15,GET /index.html,200,2025-09-18 10:58:33,nina.khan@example.com
196.33.45.51,GET /profile,200,2025-09-18 10:25:20,lisa.patel@example.com
220.253.179.100,POST /upload,500,2025-09-18 10:03:57,michael.brown@example.com
198.231.3.38,POST /upload,200,2025-09-18 10:48:11,bob.jones@example.com
203.212.143.93,GET /dashboard,200,2025-09-18 10:26:50,michael.brown@example.com
208.57.137.252,GET /settings,200,2025-09-18 10:01:25,susan.lee@example.com
210.15.186.68,GET /profile,200,2025-09-18 10:30:38,john.doe@example.com
217.154.29.242,GET /index.html,200,2025-09-18 10:27:53,michael.brown@example.com
202.59.29.41,GET /dashboard,200,2025-09-18 10:45:24,daniel.kim@example.com
223.212.142.209,GET /index.html,403,2025-09-18 10:40:22,susan.lee@example.com
197.210.73.201,GET /settings,401,2025-09-18 10:08:25,daniel.kim@example.com
207.116.194.28,GET /profile,404,2025-09-18 10:58:46,jane.smith@example.com
218.0.65.173,POST /delete,200,2025-09-18 10:20:56,john.doe@example.com
208.248.111.243,GET /dashboard,200,2025-09-18 10:53:43,jane.smith@example.com
217.91.217.96,POST /login,200,2025-09-18 10:55:47,susan.lee@example.com
195.184.163.17,GET /home,200,2025-09-18 10:49:22,alice.wong@example.com
219.3.194.153,POST /login,403,2025-09-18 10:56:26,susan.lee@example.com
203.62.205.148,GET /home,200,2025-09-18 10:14:52,alice.wong@example.com
199.165.120.201,GET /home,200,2025-09-18 10:59:46,lisa.patel@example.com
204.238.70.225,GET /dashboard,200,2025-09-18 10:16:29,bob.jones@example.com
204.173.208.28,GET /home,200,2025-09-18 10:13:40,susan.lee@example.com
213.14.255.211,GET /profile,200,2025-09-18 10:48:45,ravi.shah@example.com
207.245.52.147,POST /upload,200,2025-09-18 10:21:56,jane.smith@example.com
206.110.78.170,POST /update,200,2025-09-18 10:29:15,alice.wong@example.com
210.172.46.94,POST /delete,200,2025-09-18 10:32:30,bob.jones@example.com
206.99.189.157,POST /update,404,2025-09-18 10:55:36,bob.jones@example.com
200.118.69.57,GET /index.html,401,2025-09-18 10:52:05,lisa.patel@example.com
202.192.250.238,GET /index.html,403,2025-09-18 10:59:55,bob.jones@example.com
206.130.214.75,POST /update,200,2025-09-18 10:34:42,daniel.kim@example.com
208.102.56.98,GET /home,200,2025-09-18 10:20:55,jane.smith@example.com
197.1.137.101,POST /update,200,2025-09-18 10:23:28,bob.jones@example.com
213.85.219.238,GET /reports,200,2025-09-18 10:35:22,lisa.patel@example.com
223.42.133.84,GET /home,404,2025-09-18 10:57:50,susan.lee@example.com
220.116.228.78,POST /login,200,2025-09-18 10:14:34,alice.wong@example.com
220.204.122.201,POST /upload,200,2025-09-18 10:47:42,daniel.kim@example.com
200.170.181.117,POST /upload,200,2025-09-18 10:38:49,daniel.kim@example.com
195.14.111.16,GET /profile,401,2025-09-18 10:18:17,susan.lee@example.com
218.91.249.253,POST /delete,200,2025-09-18 10:15:26,john.doe@example.com
217.240.15.18,GET /profile,200,2025-09-18 10:56:10,nina.khan@example.com
210.70.102.109,GET /profile,200,2025-09-18 10:13:34,bob.jones@example.com
218.201.248.1,GET /home,200,2025-09-18 10:02:06,susan.lee@example.com
206.39.170.210,GET /settings,401,2025-09-18 10:03:38,michael.brown@example.com
193.26.255.252,GET /profile,500,2025-09-18 10:58:55,john.doe@example.com
217.25.130.145,POST /update,200,2025-09-18 10:48:42,alice.wong@example.com
198.97.13.7,GET /home,200,2025-09-18 10:39:10,jane.smith@example.com
222.85.24.73,GET /home,200,2025-09-18 10:57:49,nina.khan@example.com
207.122.156.253,GET /profile,401,2025-09-18 10:30:38,bob.jones@example.com
221.249.7.52,GET /settings,200,2025-09-18 10:16:31,bob.jones@example.com
196.222.130.53,POST /delete,200,2025-09-18 10:35:52,nina.khan@example.com
221.4.94.20,GET /index.html,200,2025-09-18 10:31:35,daniel.kim@example.com
197.21.45.137,GET /reports,200,2025-09-18 10:40:50,john.doe@example.com
216.157.2.250,GET /settings,200,2025-09-18 10:09:27,michael.brown@example.com
201.54.69.158,GET /settings,403,2025-09-18 10:23:55,jane.smith@example.com
194.126.151.73,POST /upload,401,2025-09-18 10:40:52,michael.brown@example.com
209.212.100.6,GET /dashboard,200,2025-09-18 10:55:47,john.doe@example.com
204.48.227.19,POST /delete,200,2025-09-18 10:01:43,alice.wong@example.com
202.105.75.92,POST /delete,200,2025-09-18 10:44:59,daniel.kim@example.com
217.115.24.124,POST /login,404,2025-09-18 10:57:43,nina.khan@example.com
211.123.221.19,POST /login,200,2025-09-18 10:25:24,bob.jones@example.com
204.230.120.188,GET /profile,200,2025-09-18 10:20:24,ravi.shah@example.com
204.55.216.207,POST /login,200,2025-09-18 10:16:51,ravi.shah@example.com
201.153.55.76,POST /delete,404,2025-09-18 10:55:30,daniel.kim@example.com
222.14.203.125,POST /update,200,2025-09-18 10:58:24,ravi.shah@example.com
200.248.73.204,GET /reports,200,2025-09-18 10:14:43,nina.khan@example.com
217.244.106.77,POST /delete,404,2025-09-18 10:15:22,alice.wong@example.com
192.207.86.14,GET /index.html,200,2025-09-18 10:52:37,daniel.kim@example.com
205.129.57.111,GET /index.html,200,2025-09-18 10:32:00,michael.brown@example.com
214.104.41.72,GET /reports,200,2025-09-18 10:17:53,bob.jones@example.com
222.251.78.132,GET /profile,200,2025-09-18 10:57:21,daniel.kim@example.com
220.37.97.220,GET /dashboard,200,2025-09-18 10:04:30,michael.brown@example.com
216.156.70.18,POST /upload,403,2025-09-18 10:46:59,alice.wong@example.com
213.168.78.131,GET /profile,200,2025-09-18 10:31:26,michael.brown@example.com
212.34.162.248,GET /settings,404,2025-09-18 10:06:00,john.doe@example.com
193.119.0.163,GET /home,200,2025-09-18 10:58:22,bob.jones@example.com
216.171.97.108,POST /delete,404,2025-09-18 10:52:20,alice.wong@example.com
207.159.77.22,GET /dashboard,200,2025-09-18 10:54:35,nina.khan@example.com
204.139.231.238,POST /upload,200,2025-09-18 10:00:56,michael.brown@example.com
210.74.160.167,GET /home,200,2025-09-18 10:21:11,bob.jones@example.com
220.133.142.179,GET /reports,200,2025-09-18 10:29:47,michael.brown@example.com
208.188.178.149,POST /update,200,2025-09-18 10:30:41,bob.jones@example.com
212.99.68.230,GET /profile,500,2025-09-18 10:57:20,lisa.patel@example.com
215.197.102.46,GET /reports,200,2025-09-18 10:59:42,john.doe@example.com
210.43.86.213,POST /upload,200,2025-09-18 10:28:37,daniel.kim@example.com
209.152.252.185,POST /login,200,2025-09-18 10:28:16,bob.jones@example.com
200.123.245.123,GET /home,200,2025-09-18 10:44:45,michael.brown@example.com
196.32.193.162,GET /index.html,403,2025-09-18 10:41:51,bob.jones@example.com
222.27.201.79,GET /index.html,200,2025-09-18 10:17:24,lisa.patel@example.com
208.219.214.1,POST /upload,200,2025-09-18 10:19:03,michael.brown@example.com
223.12.92.162,GET /profile,401,2025-09-18 10:45:54,john.doe@example.com
220.101.136.94,GET /home,500,2025-09-18 10:41:47,michael.brown@example.com
214.193.207.23,GET /reports,200,2025-09-18 10:00:21,susan.lee@example.com
208.225.242.236,GET /settings,200,2025-09-18 10:34:59,ravi.shah@example.com
200.237.21.56,POST /upload,500,2025-09-18 10:51:19,susan.lee@example.com
207.241.204.5,GET /profile,200,2025-09-18 10:21:28,jane.smith@example.com
221.75.245.225,GET /dashboard,404,2025-09-18 10:11:49,daniel.kim@example.com
222.157.14.162,GET /home,404,2025-09-18 10:52:08,ravi.shah@example.com
193.140.104.76,GET /reports,200,2025-09-18 10:49:18,bob.jones@example.com
205.241.158.249,GET /index.html,200,2025-09-18 10:38:49,daniel.kim@example.com
196.194.71.225,GET /settings,200,2025-09-18 10:39:38,bob.jones@example.com
215.99.84.90,POST /delete,200,2025-09-18 10:35:15,alice.wong@example.com
221.204.143.113,GET /dashboard,200,2025-09-18 10:59:31,ravi.shah@example.com
205.56.141.102,POST /delete,200,2025-09-18 10:58:34,ravi.shah@example.com
220.182.14.10,GET /index.html,200,2025-09-18 10:34:04,ravi.shah@example.com
204.130.51.29,POST /delete,200,2025-09-18 10:46:22,lisa.patel@example.com
214.229.157.210,GET /home,401,2025-09-18 10:41:21,daniel.kim@example.com
211.196.152.108,POST /upload,200,2025-09-18 10:00:14,ravi.shah@example.com
220.143.168.233,GET /settings,200,2025-09-18 10:52:52,ravi.shah@example.com
223.213.12.100,GET /profile,401,2025-09-18 10:35:06,daniel.kim@example.com
212.6.112.73,GET /profile,200,2025-09-18 10:52:02,jane.smith@example.com
216.187.185.135,GET /profile,200,2025-09-18 10:34:49,jane.smith@example.com
219.202.29.245,POST /upload,401,2025-09-18 10:17:06,lisa.patel@example.com
199.31.240.220,GET /profile,200,2025-09-18 10:31:58,ravi.shah@example.com
196.20.26.6,GET /index.html,500,2025-09-18 10:49:24,lisa.patel@example.com
214.45.208.173,GET /home,401,2025-09-18 10:45:45,daniel.kim@example.com
214.143.154.98,GET /home,200,2025-09-18 10:50:40,john.doe@example.com
216.205.69.194,POST /upload,200,2025-09-18 10:37:27,bob.jones@example.com
214.224.49.244,GET /index.html,200,2025-09-18 10:30:29,bob.jones@example.com
210.192.237.40,GET /index.html,200,2025-09-18 10:13:08,daniel.kim@example.com
199.254.146.93,GET /profile,404,2025-09-18 10:39:53,nina.khan@example.com
223.109.104.251,POST /login,200,2025-09-18 10:22:16,jane.smith@example.com
206.208.136.88,POST /upload,200,2025-09-18 10:57:47,john.doe@example.com
216.28.131.176,GET /settings,200,2025-09-18 10:43:17,daniel.kim@example.com
204.187.143.93,GET /reports,200,2025-09-18 10:51:38,lisa.patel@example.com
212.47.10.190,GET /settings,403,2025-09-18 10:41:00,daniel.kim@example.com
204.110.12.131,GET /dashboard,200,2025-09-18 10:18:45,john.doe@example.com
195.235.92.196,GET /dashboard,200,2025-09-18 10:39:09,michael.brown@example.com
203.199.177.13,GET /home,200,2025-09-18 10:35:46,nina.khan@example.com
218.109.120.153,GET /dashboard,500,2025-09-18 10:59:18,daniel.kim@example.com
223.134.169.241,POST /delete,200,2025-09-18 10:09:26,jane.smith@example.com
200.179.200.61,GET /profile,200,2025-09-18 10:32:59,john.doe@example.com
205.111.227.245,GET /reports,200,2025-09-18 10:21:28,nina.khan@example.com
218.225.200.152,GET /index.html,200,2025-09-18 10:32:06,daniel.kim@example.com
194.119.37.196,GET /index.html,200,2025-09-18 10:35:45,lisa.patel@example.com
209.90.46.10,POST /update,200,2025-09-18 10:21:42,bob.jones@example.com
217.69.105.41,POST /delete,200,2025-09-18 10:33:42,jane.smith@example.com
201.0.249.184,GET /index.html,404,2025-09-18 10:14:57,nina.khan@example.com
192.87.40.247,POST /upload,200,2025-09-18 10:58:50,michael.brown@example.com
206.74.135.65,POST /delete,200,2025-09-18 10:35:02,nina.khan@example.com
205.194.187.65,GET /reports,200,2025-09-18 10:26:18,alice.wong@example.com
218.56.206.119,POST /delete,200,2025-09-18 10:28:14,nina.khan@example.com
211.170.148.21,GET /dashboard,200,2025-09-18 10:49:09,michael.brown@example.com
219.236.219.230,GET /index.html,200,2025-09-18 10:52:27,lisa.patel@example.com
200.205.120.253,POST /delete,200,2025-09-18 10:12:30,michael.brown@example.com
223.64.255.12,GET /settings,200,2025-09-18 10:31:11,ravi.shah@example.com
217.108.160.221,GET /home,200,2025-09-18 10:05:57,john.doe@example.com
209.5.31.233,POST /delete,401,2025-09-18 10:11:00,lisa.patel@example.com
223.174.240.12,POST /upload,403,2025-09-18 10:06:18,lisa.patel@example.com
210.52.73.45,GET /settings,200,2025-09-18 10:30:00,nina.khan@example.com
211.98.87.218,POST /delete,200,2025-09-18 10:07:53,lisa.patel@example.com
207.5.76.137,GET /profile,200,2025-09-18 10:41:08,john.doe@example.com
208.165.5.136,GET /settings,200,2025-09-18 10:52:36,lisa.patel@example.com
213.154.136.114,GET /dashboard,200,2025-09-18 10:25:21,susan.lee@example.com
223.117.120.53,POST /login,200,2025-09-18 10:02:22,susan.lee@example.com
199.170.213.119,POST /delete,200,2025-09-18 10:22:39,alice.wong@example.com
206.53.152.24,POST /login,200,2025-09-18 10:44:32,jane.smith@example.com
194.60.31.72,GET /dashboard,200,2025-09-18 10:01:45,nina.khan@example.com
219.183.53.73,GET /reports,200,2025-09-18 10:28:24,susan.lee@example.com
210.68.249.152,POST /upload,200,2025-09-18 10:41:15,john.doe@example.com
223.68.175.62,GET /profile,404,2025-09-18 10:37:47,alice.wong@example.com
212.57.89.164,GET /reports,200,2025-09-18 10:13:12,john.doe@example.com
204.100.12.50,GET /profile,401,2025-09-18 10:15:16,daniel.kim@example.com
196.79.26.175,GET /dashboard,200,2025-09-18 10:56:44,susan.lee@example.com
214.86.97.98,GET /profile,200,2025-09-18 10:04:45,nina.khan@example.com
210.7.166.47,POST /login,404,2025-09-18 10:51:10,michael.brown@example.com
221.202.122.242,POST /login,200,2025-09-18 10:27:22,jane.smith@example.com
193.191.83.109,GET /reports,404,2025-09-18 10:59:50,ravi.shah@example.com
207.143.20.65,POST /login,401,2025-09-18 10:11:09,ravi.shah@example.com
215.14.71.210,GET /settings,200,2025-09-18 10:24:58,nina.khan@example.com
201.137.104.86,GET /dashboard,404,2025-09-18 10:38:08,daniel.kim@example.com
200.42.43.53,POST /login,200,2025-09-18 10:47:08,jane.smith@example.com
192.111.68.190,POST /update,404,2025-09-18 10:19:01,bob.jones@example.com
195.168.198.120,GET /index.html,200,2025-09-18 10:19:09,michael.brown@example.com
202.157.181.128,POST /update,200,2025-09-18 10:33:37,jane.smith@example.com
213.132.192.100,POST /delete,200,2025-09-18 10:46:38,john.doe@example.com
204.11.86.244,POST /delete,200,2025-09-18 10:26:39,michael.brown@example.com
208.216.183.207,GET /home,200,2025-09-18 10:09:49,john.doe@example.com
211.84.175.165,GET /index.html,200,2025-09-18 10:08:00,nina.khan@example.com
197.34.92.68,GET /home,200,2025-09-18 10:06:02,john.doe@example.com
221.245.98.45,GET /index.html,200,2025-09-18 10:14:38,lisa.patel@example.com
218.85.139.60,POST /login,404,2025-09-18 10:25:34,alice.wong@example.com
222.238.151.45,GET /settings,401,2025-09-18 10:49:02,susan.lee@example.com
197.173.109.63,GET /settings,200,2025-09-18 10:44:52,daniel.kim@example.com
199.155.55.216,POST /delete,403,2025-09-18 10:18:41,bob.jones@example.com
217.103.97.241,GET /index.html,200,2025-09-18 10:32:26,susan.lee@example.com
196.237.173.87,POST /upload,500,2025-09-18 10:44:36,john.doe@example.com
204.145.191.200,POST /upload,200,2025-09-18 10:12:33,alice.wong@example.com
207.163.177.38,GET /reports,200,2025-09-18 10:24:51,jane.smith@example.com
216.19.82.157,GET /profile,200,2025-09-18 10:51:24,jane.smith@example.com
